,Prediction
0,High
1,High
2,High
3,High
4,High
5,High
6,High
7,High
8,High
9,High
10,High
11,High
12,High
13,High
14,High
15,High
16,High
17,High
18,High
19,High
20,High
21,High
22,High
23,High
24,High
25,High
26,High
27,High
28,High
29,High
30,High
31,High
32,High
33,High
34,High
35,High
36,High
37,High
38,High
39,High
40,High
41,High
42,High
43,High
44,High
45,High
46,High
47,High
48,High
49,High
50,High
51,High
52,High
53,High
54,High
55,High
56,High
57,High
58,High
59,High
60,High
61,High
62,High
63,High
64,High
65,High
66,High
67,High
68,High
69,High
70,High
71,High
72,High
73,High
74,High
75,High
76,High
77,High
78,High
79,High
80,High
81,High
82,High
83,High
84,High
85,High
86,High
87,High
88,High
89,High
90,High
91,High
92,High
93,High
94,High
95,High
96,High
97,High
98,High
99,High
100,High
101,High
102,High
103,High
104,High
105,High
106,High
107,High
108,High
109,High
110,High
111,High
112,High
113,High
114,High
115,High
116,High
117,High
118,High
119,High
120,High
121,High
122,High
123,High
124,High
125,High
126,High
127,High
128,High
129,High
130,High
131,High
132,High
133,High
134,High
135,High
136,High
137,High
138,High
139,High
140,High
141,High
142,High
143,High
144,High
145,High
146,High
147,High
148,High
149,High
150,High
151,High
152,High
153,High
154,High
155,High
156,High
157,High
158,High
159,High
160,High
161,High
162,High
163,High
164,High
165,High
166,High
167,High
168,High
169,High
170,High
171,High
172,High
173,High
174,High
175,High
176,High
177,High
178,High
179,High
180,High
181,High
182,High
183,High
184,High
185,High
186,High
187,High
188,High
189,High
190,High
191,High
192,High
193,High
194,High
195,High
196,High
197,High
198,High
199,High
200,High
201,High
202,High
203,High
204,High
205,High
206,High
207,High
208,High
209,High
210,High
211,High
212,High
213,High
214,High
215,High
216,High
217,High
218,High
219,High
220,High
221,High
222,High
223,High
224,High
225,High
226,High
227,High
228,High
229,High
230,High
231,High
232,High
233,High
234,High
235,High
236,High
237,High
238,High
239,High
240,High
241,High
242,High
243,High
244,High
245,High
246,High
247,High
248,High
249,High
250,High
251,High
252,High
253,High
254,High
255,High
256,High
257,High
258,High
259,High
260,High
261,High
262,High
263,High
264,High
265,High
266,High
267,High
268,High
269,High
270,High
271,High
272,High
273,High
274,High
275,High
276,High
277,High
278,High
279,High
280,High
281,High
282,High
283,High
284,High
285,High
286,High
287,High
288,High
289,High
290,High
291,High
292,High
293,High
294,High
295,High
296,High
297,High
298,High
299,High
300,High
301,High
302,High
303,High
304,High
305,High
306,High
307,High
308,High
309,High
310,High
311,High
312,High
313,High
314,High
315,High
316,High
317,High
318,High
319,High
320,High
321,High
322,High
323,High
324,High
325,High
326,High
327,High
328,High
329,High
330,High
331,High
332,High
333,High
334,High
335,High
336,High
337,High
338,High
339,High
340,High
341,High
342,High
343,High
344,High
345,High
346,High
347,High
348,High
349,High
350,High
351,High
352,High
353,High
354,High
355,High
356,High
357,High
358,High
359,High
360,High
361,High
362,High
363,High
364,High
365,High
366,High
367,High
368,High
369,High
370,High
371,High
372,High
373,High
374,High
375,High
376,High
377,High
378,High
379,High
380,High
381,High
382,High
383,High
384,High
385,High
386,High
387,High
388,High
389,High
390,High
391,High
392,High
393,High
394,High
395,High
396,High
397,High
398,High
399,High
400,High
401,High
402,High
403,High
404,High
405,High
406,High
407,High
408,High
409,High
410,High
411,High
412,High
413,High
414,High
415,High
416,High
417,High
418,High
419,High
420,High
421,High
422,High
423,High
424,High
425,High
426,High
427,High
428,High
429,High
430,High
431,High
432,High
433,High
434,High
435,High
436,High
437,High
438,High
439,High
440,High
441,High
442,High
443,High
444,High
445,High
446,High
447,High
448,High
449,High
450,High
451,High
452,High
453,High
454,High
455,High
456,High
457,High
458,High
459,High
460,High
461,High
462,High
463,High
464,High
465,High
466,High
467,High
468,High
469,High
470,High
471,High
472,High
473,High
474,High
475,High
476,High
477,High
478,High
479,High
480,High
481,High
482,High
483,High
484,High
485,High
486,High
487,High
488,High
489,High
490,High
491,High
492,High
493,High
494,High
495,High
496,High
497,High
498,High
499,High
500,High
501,High
502,High
503,High
504,High
505,High
506,High
507,High
508,High
509,High
510,High
511,High
512,High
513,High
514,High
515,High
516,High
517,High
518,High
519,High
520,High
521,High
522,High
523,High
524,High
525,High
526,High
527,High
528,High
529,High
530,High
531,High
532,High
533,High
534,High
535,High
536,High
537,High
538,High
539,High
540,High
541,High
542,High
543,High
544,High
545,High
546,High
547,High
548,High
549,High
550,High
551,High
552,High
553,High
554,High
555,High
556,High
557,High
558,High
559,High
560,High
561,High
562,High
563,High
564,High
565,High
566,High
567,High
568,High
569,High
570,High
571,High
572,High
573,High
574,High
575,High
576,High
577,High
578,High
579,High
580,High
581,High
582,High
583,High
584,High
585,High
586,High
587,High
588,High
589,High
590,High
591,High
592,High
593,High
594,High
595,High
596,High
597,High
598,High
599,High
600,High
601,High
602,High
603,High
604,High
605,High
606,High
607,High
608,High
609,High
610,High
611,High
612,High
613,High
614,High
615,High
616,High
617,High
618,High
619,High
620,High
621,High
622,High
623,High
624,High
625,High
626,High
627,High
628,High
629,High
630,High
631,High
632,High
633,High
634,High
635,High
636,High
637,High
638,High
639,High
640,High
641,High
642,High
643,High
644,High
645,High
646,High
647,High
648,High
649,High
650,High
651,High
652,High
653,High
654,High
655,High
656,High
657,High
658,High
659,High
660,High
661,High
662,High
663,High
664,High
665,High
666,High
667,High
668,High
669,High
670,High
671,High
672,High
673,High
674,High
675,High
676,High
677,High
678,High
679,High
680,High
681,High
682,High
683,High
684,High
685,High
686,High
687,High
688,High
689,High
690,High
691,High
692,High
693,High
694,High
695,High
696,High
697,High
698,High
699,High
700,High
701,High
702,High
703,High
704,High
705,High
706,High
707,High
708,High
709,High
710,High
711,High
712,High
713,High
714,High
715,High
716,High
717,High
718,High
719,High
720,High
721,High
722,High
723,High
724,High
725,High
726,High
727,High
728,High
729,High
730,High
731,High
732,High
733,High
734,High
735,High
736,High
737,High
738,High
739,High
740,High
741,High
742,High
743,High
744,High
745,High
746,High
747,High
748,High
749,High
750,High
751,High
752,High
753,High
754,High
755,High
756,High
757,High
758,High
759,High
760,High
761,High
762,High
763,High
764,High
765,High
766,High
767,High
768,High
769,High
770,High
771,High
772,High
773,High
774,High
775,High
776,High
777,High
778,High
779,High
780,High
781,High
782,High
783,High
784,High
785,High
786,High
787,High
788,High
789,High
790,High
791,High
792,High
793,High
794,High
795,High
796,High
797,High
798,High
799,High
800,High
801,High
802,High
803,High
804,High
805,High
806,High
807,High
808,High
809,High
810,High
811,High
812,High
813,High
814,High
815,High
816,High
817,High
818,High
819,High
820,High
821,High
822,High
823,High
824,High
825,High
826,High
827,High
828,High
829,High
830,High
831,High
832,High
833,High
834,High
835,High
836,High
837,High
838,High
839,High
840,High
841,High
842,High
843,High
844,High
845,High
846,High
847,High
848,High
849,High
850,High
851,High
852,High
853,High
854,High
855,High
856,High
857,High
858,High
859,High
860,High
861,High
862,High
863,High
864,High
865,High
866,High
867,High
868,High
869,High
870,High
871,High
872,High
873,High
874,High
875,High
876,High
877,High
878,High
879,High
880,High
881,High
882,High
883,High
884,High
885,High
886,High
887,High
888,High
889,High
890,High
891,High
892,High
893,High
894,High
895,High
896,High
897,High
898,High
899,High
900,High
901,High
902,High
903,High
904,High
905,High
906,High
907,High
908,High
909,High
910,High
911,High
912,High
913,High
914,High
915,High
916,High
917,High
918,High
919,High
920,High
921,High
922,High
923,High
924,High
925,High
926,High
927,High
928,High
929,High
930,High
931,High
932,High
933,High
934,High
935,High
936,High
937,High
938,High
939,High
940,High
941,High
942,High
943,High
944,High
945,High
946,High
947,High
948,High
949,High
950,High
951,High
952,High
953,High
954,High
955,High
956,High
957,High
958,High
959,High
960,High
961,High
962,High
963,High
964,High
965,High
966,High
967,High
968,High
969,High
970,High
971,High
972,High
973,High
974,High
975,High
976,High
977,High
978,High
979,High
980,High
981,High
982,High
983,High
984,High
985,High
986,High
987,High
988,High
989,High
990,High
991,High
992,High
993,High
994,High
995,High
996,High
997,High
998,High
999,High
1000,High
1001,High
1002,High
1003,High
1004,High
1005,High
1006,High
1007,High
1008,High
1009,High
1010,High
1011,High
1012,High
1013,High
1014,High
1015,High
1016,High
1017,High
1018,High
1019,High
1020,High
1021,High
1022,High
1023,High
1024,High
1025,High
1026,High
1027,High
1028,High
1029,High
1030,High
1031,High
1032,High
1033,High
1034,High
1035,High
1036,High
1037,High
1038,High
1039,High
1040,High
1041,High
1042,High
1043,High
1044,High
1045,High
1046,High
1047,High
1048,High
1049,High
1050,High
1051,High
1052,High
1053,High
1054,High
1055,High
1056,High
1057,High
1058,High
1059,High
1060,High
1061,High
1062,High
1063,High
1064,High
1065,High
1066,High
1067,High
1068,High
1069,High
1070,High
1071,High
1072,High
1073,High
1074,High
1075,High
1076,High
1077,High
1078,High
1079,High
1080,High
1081,High
1082,High
1083,High
1084,High
1085,High
1086,High
1087,High
1088,High
1089,High
1090,High
1091,High
1092,High
1093,High
1094,High
1095,High
1096,High
1097,High
1098,High
1099,High
1100,High
1101,High
1102,High
1103,High
1104,High
1105,High
1106,High
1107,High
1108,High
1109,High
1110,High
1111,High
1112,High
1113,High
1114,High
1115,High
1116,High
1117,High
1118,High
1119,High
1120,High
1121,High
1122,High
1123,High
1124,High
1125,High
1126,High
1127,High
1128,High
1129,High
1130,High
1131,High
1132,High
1133,High
1134,High
1135,High
1136,High
1137,High
1138,High
1139,High
1140,High
1141,High
1142,High
1143,High
1144,High
1145,High
1146,High
1147,High
1148,High
1149,High
1150,High
1151,High
1152,High
1153,High
1154,High
1155,High
1156,High
1157,High
1158,High
1159,High
1160,High
1161,High
1162,High
1163,High
1164,High
1165,High
1166,High
1167,High
1168,High
1169,High
1170,High
1171,High
1172,High
1173,High
1174,High
1175,High
1176,High
1177,High
1178,High
1179,High
1180,High
1181,High
1182,High
1183,High
1184,High
1185,High
1186,High
1187,High
1188,High
1189,High
1190,High
1191,High
1192,High
1193,High
1194,High
1195,High
1196,High
1197,High
1198,High
1199,High
1200,High
1201,High
1202,High
1203,High
1204,High
1205,High
1206,High
1207,High
1208,High
1209,High
1210,High
1211,High
1212,High
1213,High
1214,High
1215,High
1216,High
1217,High
1218,High
1219,High
1220,High
1221,High
1222,High
1223,High
1224,High
1225,High
1226,High
1227,High
1228,High
1229,High
1230,High
1231,High
1232,High
1233,High
1234,High
1235,High
1236,High
1237,High
1238,High
1239,High
1240,High
1241,High
1242,High
1243,High
1244,High
1245,High
1246,High
1247,High
1248,High
1249,High
1250,High
1251,High
1252,High
1253,High
1254,High
1255,High
1256,High
1257,High
1258,High
1259,High
1260,High
1261,High
1262,High
1263,High
1264,High
1265,High
1266,High
1267,High
1268,High
1269,High
1270,High
1271,High
1272,High
1273,High
1274,High
1275,High
1276,High
1277,High
1278,High
1279,High
1280,High
1281,High
1282,High
1283,High
1284,High
1285,High
1286,High
1287,High
1288,High
1289,High
1290,High
1291,High
1292,High
1293,High
1294,High
1295,High
1296,High
1297,High
1298,High
1299,High
1300,High
1301,High
1302,High
1303,High
1304,High
1305,High
1306,High
1307,High
1308,High
1309,High
1310,High
1311,High
1312,High
1313,High
1314,High
1315,High
1316,High
1317,High
1318,High
1319,High
1320,High
1321,High
1322,High
1323,High
1324,High
1325,High
1326,High
1327,High
1328,High
1329,High
1330,High
1331,High
1332,High
1333,High
1334,High
1335,High
1336,High
1337,High
1338,High
1339,High
1340,High
1341,High
1342,High
1343,High
1344,High
1345,High
1346,High
1347,High
1348,High
1349,High
1350,High
1351,High
1352,High
1353,High
1354,High
1355,High
1356,High
1357,High
1358,High
1359,High
1360,High
1361,High
1362,High
1363,High
1364,High
1365,High
1366,High
1367,High
1368,High
1369,High
1370,High
1371,High
1372,High
1373,High
1374,High
1375,High
1376,High
1377,High
1378,High
1379,High
1380,High
1381,High
1382,High
1383,High
1384,High
1385,High
1386,High
1387,High
1388,High
1389,High
1390,High
1391,High
1392,High
1393,High
1394,High
1395,High
1396,High
1397,High
1398,High
1399,High
1400,High
1401,High
1402,High
1403,High
1404,High
1405,High
1406,High
1407,High
1408,High
1409,High
1410,High
1411,High
1412,High
1413,High
1414,High
1415,High
1416,High
1417,High
1418,High
1419,High
1420,High
1421,High
1422,High
1423,High
1424,High
1425,High
1426,High
1427,High
1428,High
1429,High
1430,High
1431,High
1432,High
1433,High
1434,High
1435,High
1436,High
1437,High
1438,High
1439,High
1440,High
1441,High
1442,High
1443,High
1444,High
1445,High
1446,High
1447,High
1448,High
1449,High
1450,High
1451,High
1452,High
1453,High
1454,High
1455,High
1456,High
1457,High
1458,High
1459,High
1460,High
1461,High
1462,High
1463,High
1464,High
1465,High
1466,High
1467,High
1468,High
1469,High
1470,High
1471,High
1472,High
1473,High
1474,High
1475,High
1476,High
1477,High
1478,High
1479,High
1480,High
1481,High
1482,High
1483,High
1484,High
1485,High
1486,High
1487,High
1488,High
1489,High
1490,High
1491,High
1492,High
1493,High
1494,High
1495,High
1496,High
1497,High
1498,High
1499,High
1500,High
1501,High
1502,High
1503,High
1504,High
1505,High
1506,High
1507,High
1508,High
1509,High
1510,High
1511,High
1512,High
1513,High
1514,High
1515,High
1516,High
1517,High
1518,High
1519,High
1520,High
1521,High
1522,High
1523,High
1524,High
1525,High
1526,High
1527,High
1528,High
1529,High
1530,High
1531,High
1532,High
1533,High
1534,High
1535,High
1536,High
1537,High
1538,High
1539,High
1540,High
1541,High
1542,High
1543,High
1544,High
1545,High
1546,High
1547,High
1548,High
1549,High
1550,High
1551,High
1552,High
1553,High
1554,High
1555,High
1556,High
1557,High
1558,High
1559,High
1560,High
1561,High
1562,High
1563,High
1564,High
1565,High
1566,High
1567,High
1568,High
1569,High
1570,High
1571,High
1572,High
1573,High
1574,High
1575,High
1576,High
1577,High
1578,High
1579,High
1580,High
1581,High
1582,High
1583,High
1584,High
1585,High
1586,High
1587,High
1588,High
1589,High
1590,High
1591,High
1592,High
1593,High
1594,High
1595,High
1596,High
1597,High
1598,High
1599,High
1600,High
1601,High
1602,High
1603,High
1604,High
1605,High
1606,High
1607,High
1608,High
1609,High
1610,High
1611,High
1612,High
1613,High
1614,High
1615,High
1616,High
1617,High
1618,High
1619,High
1620,High
1621,High
1622,High
1623,High
1624,High
1625,High
1626,High
1627,High
1628,High
1629,High
1630,High
1631,High
1632,High
1633,High
1634,High
1635,High
1636,High
1637,High
1638,High
1639,High
1640,High
1641,High
1642,High
1643,High
1644,High
1645,High
1646,High
1647,High
1648,High
1649,High
1650,High
1651,High
1652,High
1653,High
1654,High
1655,High
1656,High
1657,High
1658,High
1659,High
1660,High
1661,High
1662,High
1663,High
1664,High
1665,High
1666,High
1667,High
1668,High
1669,High
1670,High
1671,High
1672,High
1673,High
1674,High
1675,High
1676,High
1677,High
1678,High
1679,High
1680,High
1681,High
1682,High
1683,High
1684,High
1685,High
1686,High
1687,High
1688,High
1689,High
1690,High
1691,High
1692,High
1693,High
1694,High
1695,High
1696,High
1697,High
1698,High
1699,High
1700,High
1701,High
1702,High
1703,High
1704,High
1705,High
1706,High
1707,High
1708,High
1709,High
1710,High
1711,High
1712,High
1713,High
1714,High
1715,High
1716,High
1717,High
1718,High
1719,High
1720,High
1721,High
1722,High
1723,High
1724,High
1725,High
1726,High
1727,High
1728,High
1729,High
1730,High
1731,High
1732,High
1733,High
1734,High
1735,High
1736,High
1737,High
1738,High
1739,High
1740,High
1741,High
1742,High
1743,High
1744,High
1745,High
1746,High
1747,High
1748,High
1749,High
1750,High
1751,High
1752,High
1753,High
1754,High
1755,High
1756,High
1757,High
1758,High
1759,High
1760,High
1761,High
1762,High
1763,High
1764,High
1765,High
1766,High
1767,High
1768,High
1769,High
1770,High
1771,High
1772,High
1773,High
1774,High
1775,High
1776,High
1777,High
1778,High
1779,High
1780,High
1781,High
1782,High
1783,High
1784,High
1785,High
1786,High
1787,High
1788,High
1789,High
1790,High
1791,High
1792,High
1793,High
1794,High
1795,High
1796,High
1797,High
1798,High
1799,High
1800,High
1801,High
1802,High
1803,High
1804,High
1805,High
1806,High
1807,High
1808,High
1809,High
1810,High
1811,High
1812,High
1813,High
1814,High
1815,High
1816,High
1817,High
1818,High
1819,High
1820,High
1821,High
1822,High
1823,High
1824,High
1825,High
1826,High
1827,High
1828,High
1829,High
1830,High
1831,High
1832,High
1833,High
1834,High
1835,High
1836,High
1837,High
1838,High
1839,High
1840,High
1841,High
1842,High
1843,High
1844,High
1845,High
1846,High
1847,High
1848,High
1849,High
1850,High
1851,High
1852,High
1853,High
1854,High
1855,High
1856,High
1857,High
1858,High
1859,High
1860,High
1861,High
1862,High
1863,High
1864,High
1865,High
1866,High
1867,High
1868,High
1869,High
1870,High
1871,High
1872,High
1873,High
1874,High
1875,High
1876,High
1877,High
1878,High
1879,High
1880,High
1881,High
1882,High
1883,High
1884,High
1885,High
1886,High
1887,High
1888,High
1889,High
1890,High
1891,High
1892,High
1893,High
1894,High
1895,High
1896,High
1897,High
1898,High
1899,High
1900,High
1901,High
1902,High
1903,High
1904,High
1905,High
1906,High
1907,High
1908,High
1909,High
1910,High
1911,High
1912,High
1913,High
1914,High
1915,High
1916,High
1917,High
1918,High
1919,High
1920,High
1921,High
1922,High
1923,High
1924,High
1925,High
1926,High
1927,High
1928,High
1929,High
1930,High
1931,High
1932,High
1933,High
1934,High
1935,High
1936,High
1937,High
1938,High
1939,High
1940,High
1941,High
1942,High
1943,High
1944,High
1945,High
1946,High
1947,High
1948,High
1949,High
1950,High
1951,High
1952,High
1953,High
1954,High
1955,High
1956,High
1957,High
1958,High
1959,High
1960,High
1961,High
1962,High
1963,High
1964,High
1965,High
1966,High
1967,High
1968,High
1969,High
1970,High
1971,High
1972,High
1973,High
1974,High
1975,High
1976,High
1977,High
1978,High
1979,High
1980,High
1981,High
1982,High
1983,High
1984,High
1985,High
1986,High
1987,High
1988,High
1989,High
1990,High
1991,High
1992,High
1993,High
1994,High
1995,High
1996,High
1997,High
1998,High
1999,High
2000,High
2001,High
2002,High
2003,High
2004,High
2005,High
2006,High
2007,High
2008,High
2009,High
2010,High
2011,High
2012,High
2013,High
2014,High
2015,High
2016,High
2017,High
2018,High
2019,High
2020,High
2021,High
2022,High
2023,High
2024,High
2025,High
2026,High
2027,High
2028,High
2029,High
2030,High
2031,High
2032,High
2033,High
2034,High
2035,High
2036,High
2037,High
2038,High
2039,High
2040,High
2041,High
2042,High
2043,High
2044,High
2045,High
2046,High
2047,High
2048,High
2049,High
2050,High
2051,High
2052,High
2053,High
2054,High
2055,High
2056,High
2057,High
2058,High
2059,High
2060,High
2061,High
2062,High
2063,High
2064,High
2065,High
2066,High
2067,High
2068,High
2069,High
2070,High
2071,High
2072,High
2073,High
2074,High
2075,High
2076,High
2077,High
2078,High
2079,High
2080,High
2081,High
2082,High
2083,High
2084,High
2085,High
2086,High
2087,High
2088,High
2089,High
2090,High
2091,High
2092,High
2093,High
2094,High
2095,High
2096,High
2097,High
2098,High
2099,High
2100,High
2101,High
2102,High
2103,High
2104,High
2105,High
2106,High
2107,High
2108,High
2109,High
2110,High
2111,High
2112,High
2113,High
2114,High
2115,High
2116,High
2117,High
2118,High
2119,High
2120,High
2121,High
2122,High
2123,High
2124,High
2125,High
2126,High
2127,High
2128,High
2129,High
2130,High
2131,High
2132,High
2133,High
2134,High
2135,High
2136,High
2137,High
2138,High
2139,High
2140,High
2141,High
2142,High
2143,High
2144,High
2145,High
2146,High
2147,High
2148,High
2149,High
2150,High
2151,High
2152,High
2153,High
2154,High
2155,High
2156,High
2157,High
2158,High
2159,High
2160,High
2161,High
2162,High
2163,High
2164,High
2165,High
2166,High
2167,High
2168,High
2169,High
2170,High
2171,High
2172,High
2173,High
2174,High
2175,High
2176,High
2177,High
2178,High
2179,High
2180,High
2181,High
2182,High
2183,High
2184,High
2185,High
2186,High
2187,High
2188,High
2189,High
2190,High
2191,High
2192,High
2193,High
2194,High
2195,High
2196,High
2197,High
2198,High
2199,High
2200,High
2201,High
2202,High
2203,High
2204,High
2205,High
